department,avg_salary
Finance,92916.62203980095
HR,97056.03481283419
IT,95205.69728506784
Marketing,92326.49907766984
Operations,97249.84929729736
department,NULL
